"V1","V2","V3","V4","V5","V6","V7","V8"
1,4.96471500167133,0.0520381247624755,-0.4689826737158,0.108354122377932,0.0616175858303905,-0.854245285503566,0.743610042147338
1,4.49074687004901,-0.853329150006175,-0.25575220072642,0.376550475135446,0.369721808005124,0.748617507051677,0.934394096955657
1,4.50996827143224,0.699483503587544,0.145706726703793,0.316115107387304,-0.233433212619275,-0.602254387456924,0.733832541853189
1,4.74012215721202,-0.153883981984109,0.816415579989552,0.326685450505465,0.909975996706635,0.0691795172169805,-0.12456939695403
1,4.50538952094102,0.976192146074027,-0.596636137925088,-0.055531594902277,-0.763286838773638,-0.78887561801821,-0.616124415770173
1,4.88080844258374,-0.0422517424449325,0.796779369935393,0.939056332223117,-0.921799889300019,-0.232009965460747,-0.835411190986633
1,4.50891767594965,0.811388011090457,0.889350537210703,-0.195605874527246,0.00901006581261754,0.495411849115044,0.166903275065124
1,4.51329208205235,-0.962988138198853,0.321595584973693,0.699104207567871,0.156965110450983,0.391581995878369,-0.859277009032667
1,4.49896533874794,-0.615712355822325,0.258228087797761,0.513289814814925,0.678607815876603,-0.803216455969959,0.0553253116086125
1,4.63396295512712,-0.231385958846658,-0.876427459064871,0.0652024387381971,0.308889950625598,0.223063586745411,-0.055423429235816
1,4.48200227604664,-0.385127151850611,-0.588050850201398,0.748299321625382,0.889056679792702,-0.95814949227497,-0.903617258649319
1,4.86570378304739,0.0565825067460537,-0.646886494942009,-0.0657697687856853,0.0233152592554688,0.299424498341978,0.189081615302712
1,4.48789858123122,0.4564513633959,0.374045693315566,-0.98374308925122,-0.830157881602645,0.956756140571088,0.582542430143803
1,4.50204477252551,0.90711306873709,-0.231792563572526,0.455534009262919,0.989541018847376,0.685008918400854,0.197737367358059
1,4.9133222862111,-0.00801174575462937,0.539682839997113,0.433178957551718,-0.197111760266125,0.685571684036404,-0.944168141577393
1,4.49764799160181,-0.735965505708009,-0.00460151582956314,-0.62514725793153,0.791292593348771,-0.225095674861223,-0.20854673627764
1,4.99754305488442,0.216937511228025,0.435237016528845,0.292134553659707,0.753716824110597,0.586142204236239,-0.787512070965022
1,4.50951283068841,0.983737159054726,0.983812189660966,0.0839585596695542,-0.407030404079705,-0.187606881838292,-0.95177722396329
1,4.49845985214027,-0.810580663848668,-0.239929641131312,-0.329358480405062,-0.734816180542111,-0.493302189745009,0.681795535609126
1,4.51854244504752,0.790566914249212,0.554890442639589,0.275817446410656,-0.468178184702992,-0.161392021924257,-0.347200148273259
1,4.48095832645611,-0.330278204753995,0.869410462211818,0.658402127679437,-0.988544914405793,-0.00900093419477344,-0.411404705606401
1,4.87288624042161,-0.0556430681608617,-0.575714957434684,0.417950396891683,0.639203642960638,0.716491913888603,0.645795959513634
1,4.62373415451888,-0.64576406031847,0.303347532171756,-0.302899298258126,-0.650676642078906,0.464529707096517,-0.171305150724947
1,4.96994461981813,-0.296689943410456,-0.748889808077365,-0.743344250135124,0.686161104124039,0.94885698100552,-0.979657554067671
1,4.59263080931025,-0.646881768945605,-0.465558662544936,-0.223843022249639,-0.666575666517019,-0.799890180584043,-0.895183222834021
1,4.97351346885134,0.306091556325555,-0.227771814912558,0.856355096679181,0.52803887007758,0.665181674063206,0.460740762762725
1,4.50091724041546,-0.527797845657915,-0.973219333682209,0.608781542629004,0.0378761747851968,-0.0988916442729533,-0.853210106026381
1,4.49761305925865,0.794328008778393,-0.235224085859954,0.517393614165485,-0.454629393294454,0.700918271671981,-0.859286746941507
1,4.49538037636301,-0.32170478394255,0.73938169144094,0.914499777834862,-0.313593728467822,0.139503087382764,0.274343934375793
1,4.5192634060735,0.84759222343564,-0.319302006624639,0.987827757373452,0.410150680225343,0.923085027839988,-0.17338825808838
1,4.91756181005892,-0.00452229473739862,-0.0358397690579295,0.212881989311427,0.183070602361113,0.909501467831433,-0.138564338441938
1,4.7801517521528,0.139682759065181,0.199131650850177,-0.941245669033378,-0.0612419247627258,-0.432440982200205,-0.83950725896284
1,4.47027742524553,0.473559477832168,-0.0129173859022558,-0.327109284233302,-0.32724678888917,0.479212995618582,-0.445766642689705
1,4.73697411193505,-0.570344959851354,-0.627564797177911,-0.44468382652849,0.935674857348204,-0.858514848630875,0.588142037857324
1,4.94139461032351,-0.389374484773725,0.654746637213975,-0.765604899730533,0.291683767456561,0.800239093601704,-0.817805068567395
1,4.49517392026935,0.726999722421169,0.336933476384729,-0.913563481997699,-0.607397661544383,-0.73315885476768,-0.446635644882917
1,4.66390904001523,-0.608559891581535,0.588479721453041,-0.259380428586155,-0.285639229696244,0.11177215538919,-0.727489083539695
1,4.51667765310879,0.70189100317657,-0.784112748224288,-0.32624338241294,0.0260361642576754,0.200816065073013,0.3269521901384
1,4.50041218532317,0.893941915594041,0.447421892080456,-0.652694893069565,0.765993481036276,-0.734077922068536,0.95826004492119
1,4.51038174845551,-0.450877775903791,-0.177451140712947,0.243546559009701,-0.694664869457483,0.0186246745288372,-0.576377331279218
1,4.50587642933342,0.679712099023163,0.641892588231713,-0.204312745016068,-0.539076805114746,-0.265900184866041,-0.255946031305939
1,4.49841700422854,-0.712288468610495,0.29412038763985,0.911351537331939,-0.674022843129933,-0.99339090520516,-0.763270566705614
1,4.79976059293987,0.514100742526352,0.56586552457884,0.306698886211962,0.228693718090653,-0.904040279332548,0.561072294600308
1,4.96877972995633,-0.107746868859977,0.106072623282671,-0.34251256659627,0.00327288778498769,0.764096900355071,-0.868843572679907
1,4.47861681974792,0.910863552708179,0.0594391603954136,-0.605706572998315,-0.623762223869562,0.647034080233425,0.567550184670836
1,4.55675192631127,0.270650120917708,0.578712463378906,-0.769315350335091,-0.184570294804871,-0.173938198015094,-0.752295576035976
1,4.50269770953625,-0.671798026189208,-0.953337595332414,0.991930957417935,0.16477609379217,0.843466436024755,0.554683344904333
1,4.99458172178469,-0.186061129439622,-0.0455398699268699,-0.241446549538523,-0.382141869980842,-0.0451941331848502,-0.277301854453981
1,4.50630807390368,0.959520053584129,0.4646274773404,0.123976185452193,-0.0380687196739018,-0.0500111528672278,0.231860021594912
1,4.50474565208417,-0.706121882423759,0.385463112965226,0.465436035301536,0.878789584618062,0.315672134049237,0.834085458423942
1,4.49659340938424,0.779970369767398,-0.0447607557289302,0.741611105855554,-0.907918903511018,-0.673359092324972,-0.789559800177813
1,4.50049601559522,-0.606593024916947,0.722418953664601,0.14434051932767,0.0697234594263136,-0.809611257631332,0.431091587990522
1,4.62368338170084,0.241174143739045,-0.123805785551667,-0.977927858009934,-0.114678435493261,0.723029584623873,-0.687266889028251
1,4.70656996993261,0.585081986151636,-0.510405445937067,0.812630522530526,0.812730939127505,-0.52024166053161,-0.476848557591438
1,4.86480575994881,0.467591073364019,-0.858641905710101,0.541307263076305,0.762084763497114,0.110808263998479,0.547582735307515
1,4.50486058896232,0.503440679050982,-0.801067679654807,-0.234990753233433,-0.673517767339945,0.698813190218061,0.189518141094595
1,4.89334052777763,0.0489127184264362,-0.3674565856345,-0.811908222269267,0.504381531383842,-0.300704838708043,-0.809246566612273
1,4.5780023354006,0.259903247002512,0.0372685263864696,-0.900692832190543,-0.194025595672429,0.951477190479636,-0.683064132463187
1,4.8239306805008,-0.0882455105893314,0.324010152835399,0.642324636224657,0.113905386999249,0.738811060320586,0.40218142978847
1,4.49539558791001,-0.491990339942276,-0.186339625623077,0.658648608718067,-0.839661436155438,0.508248101919889,-0.461634547449648
1,4.50237661491972,-0.885028013028204,0.825751848518848,0.309465751517564,-0.766862815245986,-0.552653159946203,-0.40633987262845
1,4.98733550107951,-0.129393604118377,-0.412793254479766,-0.734344373922795,0.850385122466832,0.539632930886,0.125330584589392
1,4.49830445930343,0.542269960977137,-0.0818685474805534,-0.316380197647959,0.757688481360674,0.749427168630064,-0.309646975249052
1,4.50664868973267,-0.741689107846469,-0.335210651624948,0.462743157986552,-0.673584746196866,-0.91241378383711,0.992726621683687
1,4.49224449084795,0.967832525726408,0.30174093414098,0.814582832157612,0.0631278026849031,-0.600478585809469,-0.570220743771642
1,4.61383331996865,0.628353865817189,-0.483966438565403,0.392393998801708,0.859584336634725,0.707484716549516,0.181494395248592
1,4.52019332539633,0.963361802045256,-0.0429095034487545,-0.516841555479914,-0.348568012472242,0.304508256725967,-0.182017905171961
1,4.50435210514869,-0.927320619579405,0.532621341291815,0.288214457221329,-0.678410738240927,0.738664038479328,0.07985785510391
1,4.7862819503012,0.134828118607402,-0.831506171263754,-0.438499572686851,0.899415835738182,0.627273174934089,0.619613755028695
1,4.6823536968244,-0.196563459467143,0.750642660073936,0.915273041464388,-0.0752859027124941,-0.27710472419858,-0.978693713434041
1,4.97490191711473,-0.0859073642641306,-0.321854124311358,-0.683208086527884,-0.558458225335926,-0.818208307959139,0.349979112390429
1,4.9783797099398,-0.193351219873875,0.678880700375885,-0.163322016596794,-0.995961534790695,0.149310580920428,0.760363108012825
1,4.76633935164837,0.144412963651121,-0.306633021682501,-0.495980405248702,0.238385206554085,0.309460827149451,-0.183822468388826
1,4.84844027907242,-0.479498093947768,-0.332450138404965,-0.811219464521855,-0.194988155737519,0.644409552682191,0.788104269187897
1,4.49093311165124,0.748175125103444,-0.0472975098527968,0.655435539316386,0.800065221264958,-0.0888489698991179,0.615702627692372
1,4.49470650084473,0.986174503806978,0.784396671690047,0.0506110074929893,0.0117639689706266,0.968657796736807,-0.895463154651225
1,4.51343576716855,0.860404435079545,0.728678941261023,0.335495254956186,0.452974162064493,0.500796756241471,0.902278938796371
1,4.50469434056623,0.973056090064347,-0.220020913053304,-0.183444480411708,-0.945026770234108,-0.73288862593472,-0.00211929669603705
1,4.97023801550409,0.316685332451016,0.554641397669911,0.68517980678007,-0.241173573769629,-0.56965297460556,-0.00508163264021277
1,4.50369103715328,-0.395229300949723,0.921235994435847,0.474610935896635,-0.226510675624013,0.696759075392038,-0.597555979155004
1,4.48653292809549,0.734840363729745,-0.130681030452251,-0.303551197983325,-0.324358549434692,-0.0693176290951669,0.361994638573378
1,4.97109595388464,0.342519122175872,0.425029357429594,0.89787635486573,-0.271136297378689,0.831535580568016,0.094608367420733
1,4.88269884448891,-0.0216007581911981,-0.200011262204498,0.293358379974961,0.277511939406395,0.833115476649255,0.21915548061952
1,4.57195126081256,0.2571678198874,-0.349295696243644,-0.92944446625188,-0.934171345084906,0.639709167648107,-0.383634007070214
1,4.94101288754877,0.381320141721517,0.514174296054989,0.192896911408752,0.39238517684862,0.133802315220237,-0.671877670567483
1,4.51152321744217,0.344582970719784,-0.594615489710122,-0.169363996945322,0.631128349341452,0.230954322498292,0.694799452554435
1,4.48267240082437,0.764235498849303,0.422242444939911,-0.846205923706293,0.014845706988126,0.589600579813123,-0.645858549978584
1,4.94442915733535,0.375476396176964,-0.756616157945246,0.0560977584682405,-0.774814748205245,-0.120606902986765,0.17242145165801
1,4.50341650314074,0.999726918525994,-0.509022972080857,0.924666617065668,0.812646602280438,-0.174825493711978,0.945113099180162
1,4.49964718990934,-0.49892734689638,-0.713391241151839,0.417480102274567,-0.17332209367305,0.130970570258796,0.0681986277922988
1,4.87557531971924,-0.0430668941698968,-0.52074116980657,0.106951407156885,-0.0524884243495762,-0.696704335976392,0.621832509059459
1,4.49144028790254,-0.969798603560776,-0.882131245452911,-0.514086782000959,0.42742836009711,0.614921690896153,0.301813022233546
1,4.50151777841974,-0.495960434898734,0.284576517064124,0.55608505802229,-0.516257578972727,-0.00871726730838418,0.54196221427992
1,4.51206372693846,-0.346683718729764,0.752538425382227,0.303881886880845,-0.400718744844198,-0.718981633894145,-0.930883369408548
1,4.94349000369411,0.344264024402946,0.557829354889691,0.660491407848895,0.408957642968744,-0.779421441722661,0.117320562247187
1,4.81321769326608,0.496882607694715,0.594617651775479,0.297101894859225,0.543349896091968,-0.778417873196304,-0.759825265966356
1,4.98986937121325,-0.315128992777318,-0.0894510927610099,-0.040328411385417,-0.972319318912923,-0.99057144112885,0.37259925622493
1,4.87322498757661,-0.439480344299227,-0.179831835906953,-0.00987178878858685,0.102627906948328,-0.523191289510578,0.828251322265714
1,4.47373844915397,0.474756227806211,0.621740485541523,-0.240254817064852,0.304922380950302,0.757645758334547,0.120699520688504
1,4.58805378009129,0.25393879134208,0.209866580553353,-0.0990291256457567,0.863321416079998,-0.845562685281038,0.151152089703828
1,4.99444157180787,0.267083412501961,0.309447856154293,0.628503500949591,0.380783410277218,-0.722922879736871,0.0335003100335598
1,4.50012719837332,-0.568037017714232,-0.293605456128716,0.857554451562464,-0.492465721908957,-0.904950850177556,0.316097164526582
1,4.49126549866811,0.811882058624178,-0.459479708224535,-0.705037909559906,-0.177923259790987,-0.932162253186107,0.176793160382658
1,5.00191460942378,0.172491879202425,0.985368122346699,0.499643329996616,-0.754217773675919,0.832178036682308,-0.840150840114802
1,4.49822612245717,-0.662832282483578,0.266986528877169,0.951314699370414,-0.736066888552159,0.680400787852705,-0.687727493233979
1,4.95383948517407,0.366395383607596,-0.573583729565144,0.949584926944226,0.280236016493291,-0.642257167026401,0.970162734854966
1,4.5030094440221,-0.772018674295396,-0.74125530384481,-0.298748859670013,-0.307153135538101,-0.00946410978212953,0.983659594785422
1,4.87609719647324,0.0557700833305717,-0.0437639313749969,-0.212101886048913,-0.154486790765077,-0.386082945857197,-0.410487618763
1,4.50325471906279,0.883019206579775,0.848148939665407,0.901902018114924,0.878817760851234,-0.451246076263487,0.577424929011613
1,4.50408051022729,-0.702107111923397,0.19752193428576,-0.786703360732645,-0.232221538200974,-0.743512289132923,0.373662130441517
1,5.00665169259976,0.178243047557771,0.952341389842331,0.869520233012736,-0.542829737998545,-0.141236173454672,-0.198346673045307
1,4.4771284647955,0.756552899256349,0.463585023768246,-0.307675800286233,0.3805573717691,0.391889927443117,-0.206317727919668
1,4.50517838261588,-0.643685586750507,-0.286546175833791,0.0661212117411196,-0.98028416512534,-0.329878563061357,0.77482788125053
1,4.85305585810777,-0.0583329047076404,-0.137052618898451,0.0775885987095535,0.372261788696051,0.402492866851389,0.64415619103238
1,4.50363159858868,-0.717075301334262,-0.703576878644526,0.429435899481177,0.583349192049354,0.681069829501212,-0.469509920570999
1,4.51314752564658,-0.801234772894531,-0.973844849038869,-0.188418999779969,0.0149869774468243,0.765264013316482,-0.637658251915127
1,4.89933451206732,-0.419297091662884,0.431132132187486,-0.694423717446625,-0.383847502060235,0.533178700134158,0.912948134820908
1,4.800897018707,-0.509048003237695,-0.793631528504193,-0.319534477312118,0.474424554500729,-0.355944744776934,0.674799684435129
1,4.87897101181485,0.445118648000062,-0.107431302778423,0.25330969505012,-0.390569513197988,-0.915765984449536,-0.306694736238569
1,4.86728821023633,0.0725491079501808,0.280202090274543,-0.885254643391818,0.549417403526604,0.7854198445566,0.684172883629799
1,4.50101057448187,-0.401997654698789,0.983677240088582,0.703335279598832,-0.775772724300623,0.276210290379822,-0.97973963432014
1,4.68052821612214,-0.600599179975688,-0.00881284428760409,-0.574709308333695,0.595487399958074,0.108986232429743,-0.57091615209356
1,4.49453565331856,0.820354127325118,-0.0313009512610734,0.0789240556769073,-0.0179976653307676,0.532659896183759,0.827469958458096
1,4.49472324412736,-0.934057590551674,-0.653115330263972,-0.727024827618152,0.665836349595338,-0.806277411058545,-0.90268930979073
1,4.69025504499345,0.192648850381374,0.509641889017075,-0.350269719026983,0.516846309881657,0.49603297514841,0.74246188858524
1,4.4841058858555,-0.69818998221308,-0.0922090215608478,0.242152587510645,0.804293121676892,0.750435975380242,0.311576012056321
1,4.75986979833636,0.155296526383609,0.0223395675420761,-0.488035502843559,-0.443119973875582,-0.98466280894354,-0.561256243381649
1,4.82722909564873,-0.0910466937348247,-0.584909773431718,0.269751597661525,-0.108614300377667,0.869833970908076,-0.981125713326037
1,4.90958928622969,-0.0123824519105256,-0.542683714535087,-0.0286557860672474,-0.455968528520316,-0.186068683862686,-0.84157100925222
1,4.95626230332425,0.0524142407812178,0.191423992626369,0.876353833358735,-0.340163348708302,0.577526779379696,0.534901703242213
1,4.62092308339105,-0.233974220231175,0.149744396563619,0.715003074146807,0.727201307658106,0.952255249023438,-0.933424287941307
1,4.48208010601078,0.857795792166144,-0.845871239434928,-0.258232924621552,-0.780284093227237,-0.333194908220321,0.549904128536582
1,5.01156289293229,-0.133164297789335,-0.928918840829283,-0.371596340090036,-0.19548620050773,0.574429641943425,-0.212080739904195
1,4.48882782388489,-0.51047504413873,0.285590984392911,0.657068719621748,-0.187849812675267,-0.821278167888522,0.569634517189115
1,4.48646450455182,0.752514543011785,0.857230399269611,-0.0963169736787677,-0.127041490282863,-0.912600195966661,-0.933335408568382
1,4.62661933226952,-0.634680164512247,0.196184844709933,-0.368243175558746,-0.645999807398766,0.0298674763180315,-0.267696843948215
1,4.5103322742485,-0.819352491293103,0.121801496017724,-0.804382924921811,-0.468539599794894,-0.90382134495303,-0.584623120259494
1,4.79108476300312,-0.52168026054278,0.0520554478280246,-0.870198926888406,0.319100026972592,-0.821607744786888,0.931825075298548
1,4.50227310386781,0.72286097984761,0.970190447755158,0.378914732951671,0.632111009676009,0.376651043072343,0.129932014737278
1,4.55632148979308,0.665111015085131,0.0152836446650326,0.336101207882166,-0.157631310634315,-0.930322932545096,-0.117768096271902
1,4.55986946461576,-0.274174708873034,0.365576157346368,0.80909329559654,-0.679871391505003,-0.138178151100874,0.607736233156174
1,4.64326123935518,-0.62418572884053,0.203082435298711,-0.396613459102809,-0.422779745422304,0.518588102422655,-0.668733444996178
1,4.77320844496839,0.537491934839636,-0.522262644488364,0.865617409348488,0.604258016683161,0.663593909237534,-0.58776287548244
1,4.9941715746182,-0.118423105217516,-0.483668146654963,-0.596033965237439,-0.671508636325598,-0.235074966214597,-0.302826644852757
1,4.88838471395104,-0.046581523027271,0.458619246724993,0.584757511969656,0.57958547025919,0.231109637767076,-0.0983701846562326
1,4.49267484690987,0.961313920095563,-0.0948583371937275,-0.550738982390612,0.0484299398958683,-0.310026699211448,-0.793646534439176
1,4.50480895240111,-0.821637126151472,-0.649746463168412,-0.938486857805401,-0.359929994679987,0.0645575481466949,0.201236923690885
1,4.49010549691743,-0.805229016579688,0.493396539241076,0.724068082403392,-0.449645824264735,-0.479981786105782,-0.798844184260815
1,5.01211750700234,0.271337519865483,-0.790024719201028,0.370215010363609,0.6037960764952,0.145721244625747,0.914372218307108
1,4.50456736599589,-0.602922021877021,0.729089898057282,0.884149819146842,-0.791951137594879,0.811693356838077,0.161948878783733
1,4.49964184556415,-0.476789697539061,0.229289943352342,0.351707520894706,0.676244533155113,0.132043757010251,-0.662211239803582
1,4.4950955729358,-0.362475332804024,0.114319077692926,0.686240296810865,-0.84147425275296,-0.887026364449412,0.0371422665193677
1,4.49779433388819,0.739153393078595,-0.342445361893624,-0.276211630087346,0.435128134209663,-0.795772509183735,-0.891354320570827
1,4.48898790639215,-0.895822831429541,-0.0937371090985835,-0.215268229600042,0.729235653299838,-0.343316288199276,-0.636250744573772
1,4.50063470471357,-0.592178292572498,0.000881945248693228,0.135374795179814,0.95711641618982,0.981201014481485,-0.935051059350371
1,4.76845110324934,0.144517166540027,-0.638267277739942,-0.809695732779801,-0.50174758490175,0.428730678744614,-0.173103190492839
1,4.49486641153805,-0.926188508979976,0.0592612056061625,-0.612431856803596,-0.950278619304299,-0.842051632236689,0.421609463170171
1,4.49187447878072,-0.963815473485738,-0.849448508583009,0.176132786087692,-0.55404353607446,0.228432898875326,-0.12341156648472
1,4.48370680094485,-0.606900555081666,-0.444488134700805,0.503008336294442,-0.755949000827968,-0.0135326543822885,-0.0479392982088029
1,4.50568905706512,-0.318045016843826,-0.574600961524993,0.734477574471384,-0.229521150235087,-0.461804690305144,-0.240590556990355
1,4.89504538156574,-0.432693415787071,-0.430419038049877,-0.256408525630832,-0.831339051015675,-0.413778274320066,0.559936685021967
1,4.49788677440631,-0.627331863157451,0.790188205894083,0.597629099152982,-0.43483620043844,-0.0494433995336294,0.923154406249523
1,4.68848209071073,-0.591156573500484,-0.107529353350401,-0.883371214848012,0.133164917584509,0.928157092537731,-0.112003171816468
1,4.50258361128941,-0.536293965764344,0.559969779569656,0.246871418785304,-0.342915395274758,-0.15273579582572,-0.446846961975098
1,4.98595003596221,-0.187796320766211,0.761238069739193,-0.286717186681926,0.88694936549291,0.688194191548973,0.30574988340959
1,4.48527245850897,0.734339023008943,-0.173751580994576,0.17585586477071,-0.245392972137779,0.907654702663422,0.509448070544749
1,4.48554790327154,-0.448374758474529,-0.872383038979024,0.827569284010679,0.906631224788725,-0.427052950486541,0.177412763703614
1,4.49638711575379,0.505109007935971,-0.329025016631931,-0.601115634199232,-0.453494264744222,0.0816987957805395,-0.266203858889639
1,4.97970947176936,-0.318738426547498,0.447451893240213,-0.261832752265036,0.374660312198102,0.162756635807455,0.0187820522114635
1,4.50714657846324,0.920206667855382,-0.324769333004951,0.342816655524075,-0.726016391068697,-0.487426211126149,-0.711541772820055
1,4.98783178676516,0.257081862539053,0.260828244965523,0.536289101466537,0.620421543251723,0.75616793660447,-0.466690928675234
1,4.53275162787601,0.690626393072307,0.681229108013213,0.0444965520873666,0.525209384039044,0.764604775235057,-0.652358174789697
1,4.4885424321901,-0.755432746838778,0.712263329420239,0.656150036025792,-0.115190332289785,0.974669369403273,0.793054590467364
1,4.97937709791758,0.111414663027972,-0.217281437944621,0.0541923893615603,-0.0866486108861864,-0.796758197713643,0.124686265364289
1,4.74366096598073,0.552851605694741,-0.239012228790671,0.0035096500068903,0.360910177696496,0.237550004385412,-0.315091364085674
1,4.84339903579531,-0.481241253204644,0.790890851989388,-0.160053360275924,-0.85120418202132,0.40946753975004,-0.432540639303625
1,4.90411116290291,-0.00203926209360361,0.288631525821984,-0.275403433479369,0.293258150108159,-0.702823138330132,0.49507696647197
1,4.73977201649003,0.16883349372074,0.482157297432423,-0.753142179455608,0.579828223213553,0.781621183268726,0.125700389500707
1,4.95460569193974,-0.0304939174093306,0.210606893058866,-0.40367694105953,-0.553366986569017,-0.674659399781376,0.130771990865469
1,4.66186552081121,0.217079712077975,0.806163222994655,-0.446647020522505,-0.918112019076943,-0.756267060991377,0.266663657967001
1,4.49918008255957,-0.958273470867425,-0.412539689801633,0.540450711268932,-0.230703273322433,0.955113714560866,0.925173183903098
1,4.6341553689439,-0.234400313813239,-0.617479780223221,0.556362604256719,-0.31181569211185,0.254220530856401,0.537882408127189
1,5.0021653419774,-0.236760178115219,0.772901886608452,-0.712425438687205,-0.107262615580112,-0.961601139977574,0.523048353381455
1,4.50958848662795,-0.865185407921672,0.00667897146195173,0.0310523011721671,-0.226333661004901,0.658328289166093,-0.694555704947561
1,4.50177792371189,-0.421547197271138,0.754115086048841,0.194480970967561,0.836635830812156,0.997754950542003,-0.264404064044356
1,4.78580070765045,0.529485812410712,-0.621612755116075,0.0116860480047762,-0.651964913122356,0.736191032454371,0.827231588307768
1,4.47886659315347,0.603169524576515,0.516206104774028,-0.227800733875483,-0.700258875265718,-0.20617785025388,-0.00729970633983612
1,4.68738950204692,-0.591937507037073,0.448997785337269,-0.147803798317909,0.22639845777303,0.872483565006405,-0.94453054619953
1,4.51014025584753,0.835720144677907,0.887449636589736,-0.976480530574918,-0.965513336006552,-0.350454207975417,-0.0997212291695178
1,4.50101269641474,-0.795677863992751,0.0952931740321219,0.838663540780544,-0.867779031395912,0.944895123131573,-0.945624563843012
1,4.48781292628452,0.781769201625139,0.423487735446543,-0.841120613738894,0.557678082957864,0.125196907669306,-0.963458140846342
1,4.9304630157207,0.0268624587915838,-0.222189800348133,0.0147485095076263,0.871312254108489,0.158658075612038,0.743924957700074
1,4.49444202515394,-0.73443647660315,-0.79825374763459,0.640343233942986,-0.585591720882803,0.64938070718199,0.91037777857855
1,4.52121875911643,-0.324035363271832,0.854604177176952,0.1967908362858,0.286686313804239,-0.60311104496941,0.785476838238537
1,4.71845316314623,-0.573999289423227,-0.433534999378026,-0.151692947838455,-0.337240849621594,0.237979270052165,0.712617458309978
1,4.57511513367864,0.657404368277639,0.181146317627281,0.118620541412383,0.910843181889504,-0.550870770122856,-0.752933849114925
1,4.83183287690942,-0.071331241633743,-0.779278790112585,0.578188944142312,0.63437831401825,-0.949552539736032,-0.55669052246958
1,4.94847234189408,-0.32749303849414,0.68101406423375,-0.664569484069943,0.480552286375314,0.513010249473155,0.380544355139136
1,4.51222250276322,-0.710699282586575,-0.364072631113231,0.940903460141271,-0.554588046390563,0.276313889306039,0.297544251661748
1,4.4914877955862,0.736142086330801,0.565702673979104,-0.0529938032850623,-0.908550566993654,-0.884262173902243,-0.817109615541995
1,4.51621202882958,-0.891354742459953,-0.464983585290611,0.859486411791295,-0.266946841496974,0.347595626488328,0.191139169503003
1,4.99516705167237,0.22776616923511,-0.562709430232644,0.80187854077667,0.482786050066352,0.383089541457593,0.888756475877017
1,4.7010670241494,0.571260609664023,0.0335936727933586,0.501764375716448,0.867012499831617,0.490457919426262,-0.742684694007039
1,5.0185504599166,0.158893309067935,-0.462098815944046,0.353137544821948,0.346419899724424,-0.751876258756965,0.0494037778116763
1,4.94674092470277,0.0543389627709985,-0.637663345318288,0.296026891563088,0.40271421475336,-0.69765642657876,0.863751416094601
1,4.99405213540147,-0.178973172791302,0.0371522749774158,-0.853506260551512,0.695250815711915,-0.645138749387115,-0.116035867482424
1,4.50095918956833,0.461046317126602,0.125565871596336,-0.152883163187653,0.412313309963793,-0.982261064462364,-0.196056773420423
1,4.49879834742058,0.767200121190399,-0.741686291061342,0.061648728325963,0.717615519184619,0.267577286344022,-0.268954999279231
1,4.48481332370325,-0.771049889270216,-0.48726479196921,0.885409524664283,-0.108711017761379,-0.254498229827732,0.145659954752773
1,4.48489414937157,-0.351704511791468,0.435870551969856,0.42444911878556,0.353269984014332,-0.444559901952744,-0.787665198091418
1,4.57873772278322,-0.266485973261297,0.922819872852415,0.448981150984764,-0.744350434746593,-0.654982998501509,0.314427664037794
1,4.82226761346931,-0.492102864664048,-0.799718306865543,-0.059742764569819,0.472343070432544,-0.592577717266977,0.600958315655589
1,4.5082793835311,-0.758501144126058,0.526445379015058,-0.759435488376766,-0.865509703289717,-0.556258236523718,-0.679837721865624
1,5.01475671162701,0.165935012511909,0.895932709332556,0.56619534175843,-0.4383998606354,-0.493136990815401,-0.00170038733631372
1,4.6831055467756,-0.5931302504614,0.637269376777112,-0.123685205820948,-0.176764632575214,-0.659804621245712,-0.722268454264849
1,4.73444384108862,0.159504637122154,-0.383415338583291,-0.137088040355593,0.886849994305521,0.843353528063744,0.377196420449764
1,4.68929787779696,0.181295880582184,0.299158920999616,-0.945004242006689,0.95468506636098,-0.309373083058745,-0.0387161471880972
1,4.51899876532911,0.954373327083886,0.906710902228951,-0.706876314245164,-0.922266829758883,-0.829781581647694,-0.58437425037846
1,4.69610552788303,-0.584923630580306,0.907465300057083,-0.154809684026986,0.175455554388463,-0.244364389684051,0.435442671179771
1,4.49622044220276,-0.514507961459458,-0.320041593164206,0.534274348523468,-0.939976645633578,0.0866870391182601,-0.333157857414335
1,4.52650631974915,-0.67950710747391,-0.475051779765636,-0.990467109251767,0.130562416743487,0.574021852109581,0.0588547680526972
1,4.72114120055386,0.578337403014302,-0.669092133641243,0.207191383000463,-0.803545538336039,-0.359372944571078,0.186997497454286
1,4.51610975996014,-0.808504716958851,-0.35566388675943,0.811154521070421,0.260581577196717,0.676077036652714,0.51977802393958
1,4.8370539331712,-0.087419502902776,0.0202504131011665,0.413323063869029,0.637003669049591,0.996940970420837,-0.920608181040734
1,4.49599484326083,-0.848491025622934,0.847936942707747,-0.474925681483001,-0.299916673917323,-0.573114015161991,0.262359904590994
1,4.48330419600357,0.875099586322904,0.0219193967059255,0.702152438927442,-0.732032650150359,-0.125407017301768,-0.659300389233977
1,4.67578324223879,-0.611778926569968,-0.484757478348911,-0.332788969855756,-0.838113243225962,-0.242540007457137,0.414513171650469
1,4.90188843847689,0.42915762681514,-0.907078226096928,0.156568535137922,-0.299113371409476,0.931153417099267,-0.470555450767279
1,4.49959022523335,0.911581383086741,-0.16428748331964,-0.134453739505261,0.992543569300324,0.282233004458249,-0.839355108793825
1,4.51204344852678,0.483716141898185,0.708003004547209,-0.896809353958815,0.0659376215189695,0.612270667683333,0.42641453910619
1,4.5129851496357,-0.48793945973739,-0.305538644548506,0.459606575779617,-0.328205239027739,0.838124377653003,0.501628244295716
1,4.99412136743332,0.225064540281892,-0.737115358933806,0.0963408285751939,-0.371530713047832,-0.88275510398671,-0.659548948984593
1,4.48774226252178,-0.734363975003362,-0.251026270911098,0.50244397111237,-0.23475587926805,-0.0447142887860537,-0.570355680771172
1,4.6231125557892,-0.63961353013292,0.262840456794947,-0.898457670584321,-0.962907184381038,0.393765576649457,-0.726289419922978
1,4.50693211227961,-0.840128964278847,-0.21984213264659,0.429932424798608,-0.926921766251326,-0.910656981170177,-0.358590425923467
1,4.86223166988507,-0.457637728657573,0.379255697596818,-0.404611086472869,0.757026588078588,0.513708633836359,0.31930662645027
1,5.01865740643295,-0.119743200484663,0.378826824948192,-0.433045580517501,-0.195871952455491,0.183347449637949,-0.0835067932493985
1,4.87512542992228,0.422916465438902,0.109801246318966,0.659754254855216,-0.0612378516234457,0.0202809260226786,-0.55643232120201
1,4.97726645889126,-0.306424058042467,-0.140751184429973,-0.827209249604493,-0.195326979737729,-0.0947964671067894,-0.900616768747568
1,4.51325859886307,-0.699063727166504,-0.0945598743855953,-0.914685762021691,0.404180204961449,-0.94903606781736,0.685934990644455
1,4.69640149987242,0.199012509081513,-0.387113482225686,-0.302518382202834,-0.201671069487929,0.923687218688428,-0.0792880463413894
1,4.50975845008964,0.781236655078828,0.156707888003439,0.0846720202825963,0.00391664542257786,0.975254879333079,-0.910661872010678
1,4.64430517172119,-0.222598113585263,0.820740608498454,0.218921727035195,-0.926052498631179,0.268719116225839,-0.339959780219942
1,4.50788908757308,-0.803731773048639,-0.714791835751384,-0.457255803048611,-0.404048530384898,-0.148917306214571,-0.299035953357816
1,4.50557581219708,0.614423684775829,-0.169904749374837,-0.589538136031479,0.925683963578194,-0.466748189646751,-0.527558002620935
1,4.49972605606957,-0.763831438031048,-0.578148498665541,-0.236735703423619,0.870193809270859,-0.838861024007201,-0.581354347523302
1,4.491229250412,0.528531110379845,-0.142499258276075,-0.0548837692476809,0.922198354732245,-0.339716873131692,-0.420830062124878
1,4.51216243470728,-0.747491348069161,-0.734620049595833,0.671035899780691,0.58519072830677,0.788100205827504,-0.40033991355449
1,4.49648750187725,0.709063576068729,-0.0798071082681417,-0.757057007402182,0.509554385673255,-0.386649603024125,0.787048007827252
1,4.96507049772708,0.0735374144278467,0.885914118494838,0.35161624988541,-0.868066739756614,-0.19515231763944,0.525321258231997
1,4.69460175550792,0.192383500281721,0.523947723209858,-0.00662956014275551,-0.728990441653877,0.147582795005292,-0.79194126278162
1,4.50011497985826,0.726108466275036,0.865819657687098,0.80447549559176,-0.752801248803735,0.193976768758148,0.517339096870273
1,4.48024216037775,0.734876367263496,-0.0586430048570037,0.102527933660895,0.525087721645832,0.140034275129437,-0.170532428659499
1,4.49573673276138,-0.881813433486968,0.207176135387272,-0.742870646994561,0.806931431870908,-0.563857424072921,-0.557928646914661
1,4.96749248775163,-0.0610206169076264,-0.0300206388346851,-0.115980428643525,-0.194681819528341,0.640253488905728,-0.986562600359321
1,4.98584130627075,-0.315036591608077,-0.78238736698404,-0.615404607262462,-0.634873984381557,-0.926688438281417,-0.939498914871365
1,4.4872919219197,0.649141338653862,-0.504546334035695,-0.130198755767196,-0.25086956191808,0.251165629830211,-0.49979632627219
1,4.85976627718771,0.0585809024050832,-0.00297093857079744,-0.549733194056898,0.0124173546209931,-0.133042123634368,-0.559010041411966
1,4.763630337977,-0.125528800301254,-0.254266583826393,0.922192564234138,0.827005357947201,-0.28614772297442,-0.383838016539812
1,4.50996548594518,-0.887148419395089,0.869382740464061,-0.103145069908351,-0.846709637902677,0.547335280105472,0.81778516760096
1,4.50005113528409,-0.504450848326087,0.0479721557348967,0.554289970546961,-0.780508952215314,-0.65309590427205,0.87700554728508
1,5.0078809511291,-0.20382730383426,-0.365710656624287,-0.683560451027006,0.508534444961697,-0.0135820535942912,-0.0161907901056111
1,4.49436808463209,-0.777573437895626,-0.444067941047251,0.733617165125906,-0.390802448615432,0.474377817008644,-0.663959467317909
1,4.99839797771186,-0.156754859723151,0.575081015471369,-0.587708788458258,0.4476193129085,0.0220020455308259,-0.622210893779993
1,4.80289000120674,-0.521621536463499,0.404925025068223,-0.644100633915514,-0.535339942201972,-0.0498261679895222,-0.616889556869864
1,4.49765838897364,0.701064583379775,-0.669944722671062,-0.67021770728752,-0.213082266040146,0.175799881108105,0.00696387607604265
1,4.50848660553955,-0.545949660241604,-0.871084922458977,0.130537954624742,0.0157587938010693,0.145074758678675,-0.837775692343712
1,4.83198826163071,0.495424649678171,0.509411243256181,0.454362042248249,0.879833730868995,0.309835481457412,0.589393101166934
1,4.8732329203882,0.435437230858952,0.240820066072047,0.75183797813952,-0.884249658789486,0.730251111555845,0.142694460228086
1,4.50309423132914,-0.809670257382095,-0.660846466664225,0.4168487675488,-0.390468590892851,-0.206307248212397,0.937859214376658
1,4.92492772060137,-0.0415505482815206,-0.875571895390749,-0.0450735781341791,-0.518151911906898,0.920232311356813,0.7515375376679
1,4.49721560892704,-0.745715899858624,-0.78194146277383,0.640559987165034,-0.229593129828572,-0.238245489541441,0.411706320010126
1,4.84702293598247,-0.471525989938527,-0.236567296553403,-0.966775578446686,0.525966711342335,-0.659823440015316,-0.769290644675493
1,4.5087604207279,-0.545916422270238,-0.661378170829266,0.992222202476114,0.729293997399509,-0.536790242884308,-0.678015305195004
1,4.50293483694441,-0.630993579048663,-0.402694915886968,0.269789671525359,0.358222430106252,0.89984041871503,-0.329691330902278
1,4.49402777953128,-0.965488072484732,-0.615580929908901,-0.14304923824966,0.353525410871953,-0.832983684726059,0.977218370884657
1,4.49842796396692,0.869640530552715,-0.485659957397729,-0.943214134313166,-0.669894961174577,-0.613911968190223,0.82815788500011
1,4.50184185060278,-0.757920210715383,-0.637536354362965,0.506665401160717,0.60573485866189,-0.850609409622848,0.0701943603344262
1,4.98953936868007,-0.187148712575436,-0.0453725806437433,-0.58273204928264,0.423986862879246,0.210032016038895,-0.506212614942342
1,4.70692574088479,0.578335714060813,0.541474085766822,0.998910810332745,0.857406178023666,-0.568314207252115,0.844693636056036
1,4.487573063855,-0.788263022899628,-0.944425755180418,0.814498386345804,-0.985010790172964,0.175974521320313,0.506979234050959
1,4.48464981263521,-0.316810766700655,0.0546215539798141,0.424930063541979,0.192663306836039,-0.542204793542624,0.807014626916498
1,4.4947545998689,-0.332811150699854,0.760638137813658,0.461865767836571,-0.266508638393134,-0.218149641528726,0.303096312098205
1,4.49981472614542,0.548803873825818,-0.253873256035149,-0.055024157743901,0.483934310730547,-0.304188173264265,-0.95844167470932
1,4.95273479999574,0.0743343159556389,-0.904081736691296,0.72502137394622,0.524174781050533,0.836758804973215,-0.808241944760084
1,4.50467851674195,0.574342976789922,-0.722743506543338,-0.669169755186886,-0.478554081637412,-0.775921752676368,0.899173928424716
1,4.68098969668388,0.59517844999209,-0.357015759218484,0.240855851210654,-0.490128237288445,-0.490047712810338,0.776353177148849
1,4.75503775214713,-0.552188210655004,-0.690336777362972,-0.415337210055441,0.357681619934738,-0.626751860138029,-0.0875320173799992
1,4.96641095124318,-0.0676849237643182,-0.735543655697256,-0.0877165324054658,-0.0290386751294136,0.491087045986205,0.573487721849233
1,4.94801597527171,-0.35531206894666,-0.557388144545257,-0.90872158203274,-0.242830939590931,0.865937564522028,-0.597946486435831
1,4.81343929941751,0.0890600602142513,-0.54723840765655,-0.644676495809108,-0.888904034625739,-0.0105762123130262,-0.374593598768115
1,4.4840231868593,0.943138850387186,-0.73716693231836,-0.884135864209384,0.798051796853542,0.289987362455577,0.0595236187800765
1,4.47459342139021,-0.70139796147123,0.963126920629293,0.888820467051119,0.603446627501398,-0.64839482633397,-0.634001125581563
1,5.00306896603503,-0.272634380497038,-0.345972546376288,-0.314513051416725,-0.037973899859935,0.205989292357117,0.064811282325536
1,4.71632160027662,0.574213668704033,0.0138789941556752,0.0359011413529515,-0.935742481611669,0.775515331886709,-0.303772828541696
1,5.0179294503186,0.173218263778836,0.362885029520839,0.250490670558065,0.0240136245265603,-0.0195811912417412,0.0204963237047195
1,4.82911237661054,0.0795789561234415,-0.801661793608218,-0.525470292661339,-0.253797455690801,-0.963232854846865,0.584391372743994
1,4.51481905708297,0.747772017959505,-0.762194883543998,0.0322478287853301,-0.00285663036629558,-0.641218415461481,-0.117578897625208
1,4.78111825551005,0.538853169418871,-0.899120680987835,0.613083655480295,-0.201468526385725,-0.40121772326529,-0.427415512036532
1,4.97174950498451,-0.0983250006102026,0.858507839497179,-0.303470531012863,-0.958106110803783,-0.446071877609938,0.867120645474643
1,4.50714085544432,0.878108134958893,0.347424465697259,0.717374905943871,0.0485780569724739,-0.876781151164323,-0.939097870606929
1,4.80460994475904,0.11717810574919,-0.810284289065748,-0.931122477632016,-0.679202300496399,-0.289357304573059,0.697971201501787
1,4.99180481898783,0.142000250052661,-0.0148077583871782,0.941994291730225,-0.589771529659629,0.154075508005917,-0.113634560722858
1,4.51506981777451,-0.785381759516895,-0.0768963187001646,0.490220272447914,0.950453431345522,0.0700631169602275,0.264150466769934
1,4.99619437030588,-0.222475578542799,-0.249566938262433,-0.453489516396075,0.932709750253707,0.208545660600066,0.559828714001924
1,4.52027738733299,0.954956010915339,0.982198439072818,0.354212203063071,0.520140644628555,-0.0277020432986319,-0.439052174333483
1,4.73300735483379,-0.557096095755696,-0.647298572584987,-0.304105063900352,-0.847258935682476,-0.736746863927692,-0.753591886721551
1,4.51312317891674,-0.559873472899199,0.626870417036116,0.894041043240577,0.0316477520391345,0.929140097461641,0.78686637384817
1,4.88369052231714,-0.435658017639071,-0.863106725737453,-0.322752450127155,0.200610389001667,0.484923152718693,-0.188053396064788
1,4.50354249509141,-0.761557649355382,-0.199100506491959,-0.936573592014611,-0.125951818190515,-0.26632123067975,0.510216461028904
1,4.61255359818084,-0.639732678420842,-0.717711348552257,-0.29282840481028,-0.996715477667749,-0.698349410202354,-0.778365475125611
1,4.8918493612411,-0.431105166207999,-0.613380275201052,-0.225752824451774,-0.128896963782609,-0.54612065339461,-0.323381372727454
1,4.52175476948898,0.288551152218133,0.682703433558345,-0.286105679813772,0.00192753784358501,0.490233617834747,0.0929863820783794
1,4.50917788931311,0.920710053294897,0.439827976748347,0.919937212020159,0.339209412224591,-0.898815244436264,-0.375735906418413
1,4.5003143926437,-0.857810019981116,-0.465575833804905,-0.232523590326309,0.389714213553816,0.187986593693495,-0.105410885997117
1,4.51358930582128,-0.924163060728461,-0.00999671034514904,0.0926752421073616,0.565020628739148,-0.693498703185469,-0.191437857225537
1,4.50113494845099,-0.919078118167818,-0.83377220435068,0.850646951701492,-0.721954308915883,0.525561450049281,-0.0268714781850576
1,4.73361083265116,-0.166150401346385,-0.292231518775225,0.833719054237008,-0.673508645500988,0.990562129765749,-0.121663929428905
1,4.82485812997983,-0.495471712667495,0.938417610712349,-0.51453401427716,0.519085820298642,-0.652003778610379,-0.466272745747119
1,4.49575241965957,-0.782813527155668,0.249428379349411,0.43418167764321,-0.112592765130103,0.238261645194143,0.30375567311421
1,4.502079115521,0.721758898813277,0.32923649949953,-0.302107928320765,0.259337660856545,0.0759663479402661,-0.521901053842157
1,4.50992922917789,-0.697215166408569,-0.375020687002689,0.108566701412201,-0.790974279399961,0.636516524478793,0.626631245482713
1,4.98723237392335,0.0977595848962665,-0.18862077454105,0.485944826155901,0.671097794547677,-0.356506185606122,0.616489006672055
1,4.94619916930673,0.0214490457437932,0.992154743056744,0.639396637212485,-0.332101276144385,0.164653873536736,0.178089495748281
1,4.5173274427092,-0.378869945649058,0.710164712741971,0.739314530044794,-0.600961622782052,-0.858135241083801,0.0837337193079293
1,4.50357042034432,0.365955521352589,0.907096792012453,-0.928269731346518,0.389090952929109,0.141288026235998,-0.906904777511954
1,4.50155726334582,0.496879641432315,0.624610184691846,-0.559951193165034,-0.668242474552244,0.12135450122878,-0.148288618773222
1,4.51552788656262,0.905036913231015,0.564364231657237,-0.266053580678999,-0.85207219235599,-0.131658121012151,0.281279642600566
1,4.98817793952954,-0.274770864285529,-0.464243742171675,-0.388607115950435,-0.923527623061091,0.92389757046476,-0.998687304090708
1,4.48991781241836,-0.307412940543145,0.524303059093654,0.455660915002227,0.692040433175862,0.422543368767947,0.732776721008122
1,4.82108067274795,-0.091539338696748,0.972623178269714,0.399457532446831,-0.252903605345637,-0.483060935977846,-0.797909658867866
1,4.95569217100076,0.337409393396229,-0.412788901943713,0.820121853612363,0.761421394534409,0.85135507537052,-0.80852051731199
1,4.94543833003691,0.0581834958866239,-0.201297786086798,0.691205219365656,-0.819364455062896,-0.158376673702151,0.554480742197484
1,4.51418184353198,-0.994357624091208,0.624263047706336,0.557089280337095,-0.00818517757579684,0.632601491175592,-0.94097717711702
1,4.49406114334707,0.72374671138823,-0.845696661621332,-0.198313143569976,0.508645472116768,0.50933009525761,-0.315856239292771
1,4.99631895448832,0.113771340344101,-0.272606380283833,0.153609317727387,0.211781626101583,-0.175713391043246,0.572631747927517
1,4.52384081563291,0.803839734289795,-0.114815065637231,-0.847281107679009,0.0568255931138992,0.0288336640223861,-0.773074948694557
1,4.49596713505845,0.900651939678937,-0.686571734957397,0.745949701406062,0.82041336549446,0.0845694369636476,-0.299494485836476
1,4.50370108558444,0.80033664451912,0.164410540368408,0.912571471184492,0.97145780781284,0.948048608377576,-0.339572236407548
1,4.92363959204531,0.387892892118543,0.940324357710779,0.0110621596686542,-0.440514876041561,-0.852724090218544,0.393353339284658
1,4.58277853269963,0.672447751276195,0.97899966686964,0.848732727579772,-0.753016610629857,0.53900761064142,-0.292771395295858
1,4.95726834737451,-0.0736225796863437,-0.647095927037299,-0.730972934514284,-0.651241912040859,0.745109818410128,-0.18764186417684
1,4.59189158795507,0.258199370000511,0.0842608488164842,-0.522525993641466,0.762670509517193,0.979731169063598,-0.383940202649683
1,4.99646503015288,-0.121798345353454,-0.231392215937376,-0.020074755884707,-0.750743455719203,0.930295288097113,0.918405869044363
1,4.50931166309798,0.939842261839658,0.352328101638705,-0.0518798064440489,-0.402062190696597,0.272842637263238,0.380537705495954
1,4.89417905209454,-0.440902221016586,-0.46141244051978,-0.130011681932956,-0.670530720148236,-0.869221412111074,0.771479022689164
1,4.50612975056105,0.958937567658722,-0.0614981153048575,-0.921502079814672,-0.854780911002308,-0.743170490022749,0.871710279025137
1,4.95106918909962,0.36585040204227,-0.656399835366756,0.288662030361593,-0.523172035813332,-0.0144304390996695,0.488159803207964
1,4.4910710828976,0.816012228839099,-0.261621075216681,0.431134400423616,0.433333210647106,0.326489720493555,0.676892313640565
1,4.50452035606317,0.339957771357149,0.450810545124114,-0.296666557434946,0.290041983593255,-0.621242572553456,0.598713567014784
1,4.71669415241665,-0.173870782833546,-0.0277017913758755,0.893113497644663,-0.84825006686151,-0.644803213421255,0.787280584685504
1,4.52840185145038,0.862772475928068,-0.872395066544414,0.4862130144611,-0.654582155868411,-0.768879348877817,0.662274005822837
1,4.50732393453235,-0.701682134065777,0.569092459976673,-0.898428159300238,-0.708659284282476,-0.686095199547708,-0.258499797433615
1,4.50840518928246,-0.96595667861402,-0.163356728386134,0.96072956174612,-0.216197631321847,0.714821699075401,0.743959531653672
1,4.72858308030531,0.153001698665321,0.962036169599742,-0.564355094917119,-0.536509801167995,-0.150278936605901,0.6015231939964
1,4.89212844947934,0.0174820828251541,-0.434232088271528,-0.927607995923609,0.122759645804763,0.756683342158794,-0.645430912729353
1,4.89231529083219,-0.421266922727227,0.695764299016446,-0.478592269122601,0.167040373198688,0.64965312788263,-0.673444614280015
1,4.4941292412797,-0.447194817010313,-0.835521538276225,0.440831571817398,-0.802481323480606,0.957639233674854,0.888978210743517
1,4.64708082952867,0.216676758602262,0.772917501162738,-0.504211637657136,-0.68216691724956,0.269086031708866,-0.110724797006696
1,5.0057171635509,-0.218963728751987,-0.0561385382898152,-0.530168416909873,0.844130808021873,0.38304655207321,-0.843214819673449
1,4.90255039881312,-0.418032715562731,-0.781798073090613,-0.957976314239204,0.718899438157678,0.584366678725928,0.971143248490989
1,4.99543178887094,-0.228128551971167,-0.333444030955434,-0.470758744515479,0.814397506881505,-0.931658708956093,-0.968323563225567
1,4.61924654363763,0.64308525249362,0.674833138473332,0.383603238966316,-0.769462087191641,0.639987362083048,-0.0102349859662354
1,4.7557452800135,-0.534039898775518,-0.446300316601992,-0.930661217775196,-0.928921531885862,0.375272325240076,-0.146747511345893
1,4.49926717996005,0.971436289139092,0.174070282839239,-0.874427740927786,0.171508775092661,-0.136446216143668,-0.239869132637978
1,4.63729870818185,0.230891703628004,0.673464539460838,-0.204587816260755,-0.371663470286876,-0.512248426210135,0.473888766486198
1,4.51074707461451,0.664951463229954,-0.85769195202738,-0.0199431502260268,0.113778548315167,-0.983704593963921,-0.440923295449466
1,4.49794147369784,-0.526768137700856,0.405557486694306,0.26209749514237,-0.291009169071913,-0.157787713222206,0.312567743938416
1,4.76200570848796,0.54180268663913,0.397649074438959,0.446808624546975,-0.713463376741856,0.573913815896958,0.559452205430716
1,4.49817776215592,-0.882452893536538,-0.0720752379857004,-0.846468415111303,0.134270925540477,0.191184245515615,0.444105011411011
1,4.89007378418779,0.0297992918640375,-0.126137779094279,-0.157107838895172,-0.331802684348077,0.969926117453724,0.964812088757753
1,4.49575390389568,0.722025190014392,0.124353575520217,0.947453371714801,-0.759197618812323,0.0560869118198752,0.0866454341448843
1,4.48646180323569,0.970804284792393,0.856966452673078,0.627611566800624,-0.488291351590306,0.0465568355284631,0.319775677286088
1,4.99795018686406,-0.206475478596985,-0.539067171514034,-0.552464554086328,-0.293229367118329,0.572889609728009,-0.449921277351677
1,4.96503997748087,-0.0634328299202025,-0.556372491177171,-0.0205153883434832,0.662639858666807,-0.824555181432515,-0.206111750565469
1,4.99101473356837,-0.158688963390887,-0.159568213392049,-0.977319614030421,0.566447833087295,-0.487776038702577,0.118369157426059
1,4.48886674725066,0.831269689835608,-0.332958388607949,-0.482795406132936,0.880304414778948,-0.286791759543121,0.961900590918958
1,4.92948839233328,-0.03537124581635,0.72961510065943,-0.0908024562522769,0.678398063406348,-0.50188908400014,0.929933552164584
1,4.49612176118539,0.884816646110266,-0.645610928535461,0.481953376438469,-0.702029961626977,-0.64996302453801,-0.563920263200998
1,4.51722632016636,-0.751642283052206,-0.0133625427260995,0.981320023536682,0.181352170184255,0.145844161510468,-0.213658260647207
1,4.78001268114106,0.127415879163891,-0.140573266427964,-0.335590107832104,0.647925201337785,-0.0332137034274638,0.742168967612088
1,4.85584878987851,0.462473428808153,0.12852768599987,0.889582810923457,0.263770730700344,0.619897938333452,0.3831777269952
1,4.52781387133856,-0.998858955688775,0.312324631027877,0.92370683979243,-0.0601400770246983,0.50103046791628,-0.326496926136315
1,4.97399512750735,0.256711170542985,0.95710812555626,0.798554999288172,-0.482518192846328,-0.305112404748797,0.38096334785223
1,4.99456965743156,-0.258547508623451,-0.535677703097463,-0.0145683297887444,-0.950839298311621,0.613748968578875,-0.693099515512586
1,4.50664498798924,-0.828476250171661,-0.518376807682216,0.569870955776423,-0.342383744660765,-0.49647154379636,0.780797615181655
1,4.94876615884988,0.352393514011055,0.593672167975456,0.606238094158471,-0.550293031148612,0.185927107930183,0.776892057619989
1,5.0111659813769,0.218315491452813,0.663343430031091,0.35553524736315,0.754663678817451,-0.687568533234298,-0.723993305116892
1,4.50805437291322,-0.807801797520369,-0.772984587121755,0.162555157206953,0.355308401398361,-0.649680696893483,-0.928101568017155
1,5.00052358024175,-0.202190586365759,0.926624032668769,-0.338663825299591,0.0518666072748601,-0.547245398163795,-0.289965700358152
1,4.48832653584751,-0.803356464020908,-0.705354200676084,-0.997370686847717,0.115373327862471,0.583926504012197,-0.242107843514532
1,4.50323350155868,0.589135388378054,-0.712746114470065,-0.868396071717143,-0.505056653171778,-0.223247040528804,0.22955339634791
1,4.49679216977566,0.635265108663589,0.850459870416671,-0.828096165321767,-0.985406458377838,0.822444065008312,0.0123788812197745
1,4.99093934258694,-0.189971172250807,0.0140712051652372,-0.973780566360801,0.897812870331109,-0.756305897608399,-0.324089733883739
1,4.50151278171838,-0.994825439527631,-0.690297965891659,-0.32850875146687,0.438300277106464,0.975670313928276,-0.341740693897009
1,4.65774735694142,0.21716080699116,-0.303395895753056,-0.761471366975456,-0.441350910812616,0.51057584118098,0.146594076883048
1,4.99873854998807,0.184673849958926,0.319642051588744,0.187190890777856,0.487565712071955,-0.378448332194239,-0.898579912725836
1,4.50848767635305,0.82031490560621,-0.376455251127481,-0.925374648533762,0.741496801842004,-0.960269283968955,-0.19807402510196
1,4.97459694304229,-0.212097976822406,-0.296853181440383,-0.980856416281313,-0.239259749650955,0.364566122647375,-0.478737912606448
1,4.50738477114377,0.928400553762913,-0.704308586195111,-0.676807748153806,0.438895031809807,-0.122527866624296,-0.662600632291287
1,4.49429005714688,-0.489812039304525,0.317755218129605,0.663797976449132,-0.520786579232663,0.767401410732418,-0.880537988618016
1,4.50286539016362,-0.718456408008933,-0.629860070999712,0.533685508649796,0.295529748313129,-0.85151242883876,-0.89483572775498
1,4.88596683278064,0.050508847925812,0.908756273798645,-0.454439367167652,0.951341521460563,-0.0926608880981803,0.945540495682508
1,4.97800996103981,-0.0918666888028383,0.795696984045208,-0.623673402238637,-0.244002384133637,0.776072541251779,0.589215180370957
1,4.88235857539482,0.0434447480365634,0.887394108809531,-0.548476330470294,-0.0717117427848279,0.400318483356386,-0.936664596665651
1,4.47369840683007,-0.828605199698359,0.44738150248304,-0.876059264875948,0.624592591542751,-0.390768777579069,0.0865696100518107
1,4.67562136770877,0.195098990108818,-0.259285868145525,-0.880199518054724,-0.0111837736330926,0.169781604781747,-0.964805933181196
1,4.5074915257885,0.367031284142286,0.562035080511123,-0.703688259236515,-0.899381954688579,0.740907540079206,0.55333979614079
1,4.80738191233459,0.0987128708511591,-0.977700982708484,-0.854024228174239,-0.738756518810987,-0.10695288144052,0.514602986630052
1,4.61088211786351,0.240450936835259,0.880617424380034,-0.914228216279298,-0.677123367786407,-0.325253920629621,-0.978903706651181
1,4.50304032006043,-0.407527638599277,0.987498452421278,0.0449225446209311,-0.821093680337071,0.133817217312753,0.635828163940459
1,4.49645987195052,-0.431000554468483,-0.285188509617001,0.578462978824973,-0.19277182361111,-0.168470036704093,0.712691753171384
1,4.99145612433277,0.203965524677187,0.495270126964897,0.38950669625774,-0.872280264273286,0.66532132960856,-0.155380604788661
1,4.55357831790943,-0.664655760396272,0.585818047635257,-0.86684790533036,0.124011844862252,-0.692584823817015,0.26859141048044
1,4.50264251846214,0.834774277172983,0.41171801276505,-0.964084506966174,-0.326951784081757,0.317298086360097,-0.163849948905408
1,4.48092642055983,0.981820845976472,-0.0483499225229025,-0.115683153271675,0.081284562125802,-0.997946362011135,-0.350671299733222
1,4.49074768733769,0.495336729101837,-0.0106909479945898,-0.684795833658427,0.82646244391799,-0.359098142944276,0.531574451830238
1,4.90650068315681,-0.0149227813817561,-0.383895102422684,0.437720231711864,-0.22623848170042,0.900265761185437,0.409311026334763
1,4.49034765574567,0.865619606804103,0.390024492517114,0.407883665058762,0.92053432809189,-0.97489498089999,0.838102714158595
1,4.9960483916317,0.234077992383391,0.645586611237377,0.770452609751374,-0.230626817326993,-0.841818469110876,0.220273102633655
1,5.00805126003646,-0.216591873206198,-0.13056471850723,-0.349477969575673,0.883203958626837,-0.573423258960247,-0.888290279079229
1,4.50018098774977,-0.60724401473999,0.0294653056189418,0.941763133276254,0.361271314322948,0.989686517976224,0.472304270137101
1,4.88602112927065,0.440157755743712,0.326021935325116,0.969640532508492,0.805284707341343,-0.0159208248369396,0.807935836724937
1,4.51598886071248,0.868344146758318,-0.713666826952249,-0.921630564611405,-0.492405868601054,0.255268236156553,0.403629759792238
1,4.93022387293194,0.385287774261087,-0.311025212518871,0.787142576184124,-0.187805741094053,-0.988077329937369,0.1553990165703
1,4.50285455873566,0.777161860372871,-0.188472835347056,0.644798302557319,-0.971502772998065,-0.428292002528906,0.131678502075374
1,4.48016090103933,-0.54266826575622,-0.829377988353372,0.448489385657012,-0.77910441160202,0.972960834391415,-0.265648988075554
1,4.82844774494369,0.0931379003450274,0.865143856499344,-0.422159724403173,0.00307558383792639,0.515384649857879,0.113843419123441
1,4.49239995113738,-0.586001616902649,0.676768133416772,0.00389720918610692,-0.256946703884751,-0.863450018223375,0.794180339667946
1,4.83749872586197,0.0740995639935136,0.758866592310369,-0.143305997364223,0.611831108573824,0.621527957264334,-0.455538785550743
1,4.51002366652531,0.938555554486811,0.871424935292453,0.220032032113522,-0.984154312871397,-0.754257185850292,0.652666330803186
1,4.66935241934941,0.606467813253403,-0.855078733060509,0.85222634812817,0.673024118412286,-0.180163278710097,0.351991325151175
1,4.7022720359661,-0.591906351968646,-0.242481118999422,-0.519753484521061,-0.246321641374379,0.855087290517986,0.798733818344772
1,4.99091174040056,-0.198706277180463,0.0757298455573618,-0.456236332189292,-0.229502933565527,0.108416478615254,-0.406680373009294
1,4.55599230792972,0.658249751664698,-0.789899722672999,0.470007292926311,0.903061151038855,-0.971466771326959,-0.229071166366339
1,4.79970438360543,-0.117745965253562,0.603375411126763,0.503091746009886,-0.0486515210941434,0.934730562381446,0.810699353925884
1,4.67340670529881,-0.209893513005227,0.479283491615206,0.861183841712773,0.104187588673085,0.540131065063179,0.562352821230888
1,4.52544604860231,-0.938222615513951,-0.895701973233372,-0.0745394504629076,0.869432650040835,-0.840095173567533,0.0851018354296684
1,4.50887190933493,-0.72826778749004,-0.0356608536094427,0.721382353454828,0.72687251213938,-0.269160303287208,0.232560371980071
1,4.51060436766486,0.354368848260492,0.841035681311041,-0.375927160959691,-0.480171031318605,-0.0391469094902277,0.851472232025117
1,4.49384252110999,-0.875023866072297,-0.916943142190576,-0.583921973127872,0.375399669166654,0.351521383970976,-0.394983129110187
1,4.50352854881416,0.995076427701861,-0.412016401998699,0.841654934454709,-0.104185507632792,0.572894501499832,-0.273529572412372
1,4.49524671871692,-0.772301965858787,0.00170097453519702,-0.894526231568307,-0.56396744819358,0.620116114616394,0.921121900435537
1,4.59802267725527,0.250665001105517,0.219497870188206,-0.177689137868583,0.37247363012284,-0.842644992750138,-0.160847429186106
1,4.48816440845779,-0.94882688857615,-0.471501900814474,-0.0873175696469843,0.918764050584286,-0.662171117961407,0.128479006234556
1,4.49616250416508,-0.86251512169838,-0.153802780900151,-0.168279504869133,-0.481191038154066,-0.926534411963075,0.600952666252851
1,4.48540334194307,-0.623325400985777,-0.266872767359018,0.340706903487444,-0.0624800161458552,-0.519715382251889,-0.0436100824736059
1,4.6798448178795,0.600382888223976,0.88501064479351,0.513808160088956,-0.357320884708315,0.824390363879502,0.743327065370977
1,4.56338525795435,0.66964843403548,-0.752552869729698,0.823302628938109,-0.670714370906353,-0.997273040469736,0.403174849227071
1,4.87619945723214,0.449375421274453,-0.859934641513973,0.63990417169407,0.429455450735986,-0.545399103779346,-0.743266723584384
1,4.87961928559123,-0.438740210141987,0.928634075913578,-0.81270029488951,0.0563315027393401,-0.663474136497825,0.303267129696906
1,4.52559940172428,0.285805406048894,-0.114979783538729,-0.644187837373465,-0.530570639763027,-0.700474970042706,0.599016746506095
1,4.48357097378431,0.917571762576699,-0.259455239400268,0.284429160412401,-0.87113667698577,0.296194322407246,-0.519669697619975
1,4.96613207613484,0.0742180892266333,-0.65951283974573,0.748565987683833,0.35152699239552,-0.0288549014367163,0.727990665938705
1,4.75498044429071,-0.137093363329768,-0.891619141213596,0.184626700822264,0.612290723714978,0.386488638818264,-0.0424102856777608
1,4.49984534097215,0.448237480130047,0.315656138584018,-0.475135615561157,-0.769057529512793,-0.42066108668223,-0.340516768395901
1,4.51751046874459,-0.651751742232591,0.15632383339107,0.767504528164864,0.384028842672706,0.957343319430947,0.990851231850684
1,4.95625643109773,-0.35935123777017,0.974203527905047,-0.624621307477355,-0.956427542958409,-0.423747341148555,0.519084428902715
1,5.01365391505016,-0.224044523201883,0.207584802992642,-0.0222660354338586,-0.277246582787484,0.0515290424227715,-0.057870086748153
1,4.51352887912159,-0.891012185253203,-0.870100162457675,-0.98035902576521,0.464560099877417,-0.844355460721999,-0.484831260051578
1,4.87748112589471,-0.444150871131569,-0.675781836267561,-0.279131913557649,-0.374753916170448,0.35710767051205,-0.232977544888854
1,4.50363498740513,0.430907574016601,-0.0492041590623558,-0.115676618181169,-0.105693893507123,-0.63610056694597,-0.404092776123434
1,4.94087807390931,-0.342907835263759,-0.996134330518544,-0.748541557230055,0.650878136046231,0.0596089102327824,0.537252568639815
1,5.00892083777144,0.202910298015922,-0.117081713862717,0.248729095328599,-0.336409069597721,0.603357657790184,-0.140519054140896
1,4.86995779897367,0.0478416346013546,-0.478140525519848,-0.39513733657077,-0.711949665565044,-0.373625608161092,0.311933796387166
1,4.50940509519826,0.721098255831748,0.876827490981668,-0.520725543610752,-0.398158495780081,0.382546823471785,-0.514686238020658
1,4.8402670044817,0.0655385279096663,0.431666567455977,-0.282740472815931,-0.674796406179667,0.54608904523775,-0.40963080059737
1,4.51147002717181,-0.777156189549714,-0.673829043284059,0.785820825025439,0.678943156730384,-0.476412734948099,0.859838723670691
1,4.74746195321278,0.551786963827908,-0.0476239630952477,0.981254530139267,0.328614954371005,0.35752030601725,-0.721068528480828
1,4.51425898368332,-0.874120405409485,0.380513445939869,0.464842394925654,-0.722265388816595,0.984286591876298,-0.0352776409126818
1,4.9111266997349,0.41057053534314,-0.0782096409238875,0.985576176550239,-0.348236372228712,0.102975039742887,0.6034514172934
1,4.4936192627358,-0.901488240342587,0.910293476656079,0.0795787242241204,0.662860437761992,0.861368947196752,-0.329403754789382
1,4.50498271000392,0.562633317895234,0.425080244895071,-0.132396476343274,0.645078208763152,-0.585191310383379,0.0946018556132913
1,4.72815938865943,0.568278525024652,-0.205704133491963,0.92934734839946,-0.701200159266591,-0.540081921033561,-0.898772472515702
1,4.80750298122039,0.105151479598135,-0.764558775816113,-0.703360713552684,-0.157440620940179,-0.0320268212817609,0.370369670446962
1,4.49105379239239,0.71021681278944,-0.519767453894019,-0.867013888433576,-0.109634696971625,-0.0778812123462558,0.0520331370644271
1,4.73491148753071,-0.580255910288543,0.727261133026332,-0.951497023925185,0.767854751553386,0.565442713908851,-0.229197071865201
1,4.49050352749428,-0.539889499079436,-0.128047196660191,0.2248464836739,-0.170005346648395,-0.998789467848837,-0.56384366331622
1,4.96247878449673,0.346820861101151,-0.00426389602944255,0.393217496108264,0.379784323740751,0.501246760133654,-0.901487927418202
1,4.80514821159365,-0.110433279071003,0.383855344261974,0.602283774409443,0.433841754216701,0.661464875098318,-0.322792297229171
1,4.48982145198192,0.320130689069629,0.520626563578844,-0.724539432208985,-0.975241660140455,-0.370657527353615,0.0550856809131801
1,4.48609809010773,-0.844356212299317,-0.689197554718703,-0.680430354550481,-0.924341103062034,0.424066320061684,-0.279800932854414
1,4.48511370690865,-0.313503453508019,0.698914186097682,0.977667185943574,-0.818245171569288,-0.496576901525259,0.983178074005991
1,4.48593955366474,0.61490960046649,0.893635638058186,-0.202708608936518,-0.202352065127343,-0.381305003538728,-0.90728377411142
1,4.9642095302203,-0.3020492894575,0.176838380750269,-0.624176367651671,0.800429151859134,0.391909694299102,-0.856196212116629
1,4.50686145924102,-0.895835198462009,0.00450163055211306,-0.0445435177534819,-0.110194743145257,-0.15380870597437,0.352734460961074
1,4.49763238369319,0.726565601769835,-0.620440164580941,0.0884680454619229,0.510306184180081,0.705780426040292,-0.675280774943531
1,4.82300170302865,0.113838908728212,-0.996326283551753,-0.343684038612992,0.422940479125828,0.0687998333014548,0.16074758535251
1,4.50633238682896,0.819910672027618,0.755156124476343,0.999861187301576,-0.666487299371511,0.0963550326414406,-0.818468292243779
1,4.80834914690882,0.522593264468014,-0.731777324341238,0.0555636719800532,0.738284778315574,0.691087957005948,0.31219832226634
1,4.83556776261968,0.0910836854018271,-0.954517551697791,-0.732530983630568,-0.821630929131061,-0.245941840112209,-0.284986833576113
1,4.95992982306053,-0.0442359941080213,0.878273412119597,-0.122919864486903,-0.6739726732485,-0.667912642937154,-0.531949039548635
1,4.50467247395729,-0.305137293413281,-0.414102554321289,0.241587879601866,0.698707376606762,-0.621503942646086,0.832860671915114
1,4.76962852581859,0.136415608692914,-0.671346851158887,-0.594175175763667,0.256260682363063,0.713735632132739,-0.938889999408275
1,4.50923526703253,0.901538374368101,-0.201794888358563,-0.731660454533994,-0.583080098032951,-0.324993530754,-0.121851916890591
1,4.49991944359288,-0.477241980377585,-0.0808491758070886,0.55366799607873,0.345721653662622,0.550056470092386,0.947380642406642
1,4.51033784237614,-0.786389117129147,-0.131938302889466,0.271899697370827,0.928411381784827,-0.861859595868737,-0.201718384865671
1,4.82091476329758,-0.492484159301966,0.0340196527540684,-0.435727406758815,0.76347770402208,-0.518101468682289,0.839539731387049
1,4.62601740993029,-0.638192263897508,0.692491505295038,-0.617481087800115,0.923529373947531,-0.5143963242881,-0.802472248673439
1,4.85877587997783,0.0627778400667012,-0.889671427197754,-0.468926560133696,-0.070613628719002,-0.225774021819234,-0.358665979932994
